benchmark,seed,project_id,base_model_id,model_id,solution
./scibench/data/unencrypted/equations_others/Livermore2_Vars4_20,10086,64d1ecc11d8cba4c969ab945,64d1edde6ee0d4008d5e646d,64d1edde6ee0d4008d5e646d,6.64057714071527 + 0.999996761878757*x1 + 0.999958276342785*x2 + 0.00854047022761485*x3^2 + 0.00261869373761434*x4^2 - 0.042066001753671*x4 - 0.108566296960337*x3
./scibench/data/unencrypted/equations_others/Livermore2_Vars4_21,10086,64d1ecc21d8cba4c969ab948,64d1ed71efb8be50151e70b7,64d1ed71efb8be50151e70b7,2*x4 + x1*x2 + x1*x4 - x1*x3
./scibench/data/unencrypted/equations_others/Livermore2_Vars4_24,10086,64d1ecc2cebbc64456e1b98c,64d1ed80d7433938511e7625,64d1ed80d7433938511e7625,0.999844417036248*x1 + 0.30711789024053*x4 + 2.28295281891147*sqrt(x3) - 1.92732559283468 - 0.0293416146585*x3^2 - 4.80994752682307*x1*x2*log(x1)
./scibench/data/unencrypted/equations_others/Livermore2_Vars4_22,10086,64d1ecc3f97188a226e1b7ab,64d1ed82b0318e9fd4147a54,64d1ed82b0318e9fd4147a54,547.475293284292*x2 + 0.0545561913301389*exp(x2) - 3.30363634312216
./scibench/data/unencrypted/equations_others/Livermore2_Vars4_23,10086,64d1ecc1cebbc64456e1b989,64d1edcfb0318e9fd4147bac,64d1edcfb0318e9fd4147bac,1.01467415131156*x3*log(x4) + 1.59609377227694*log(x2)^2 + -2.6655545006722*sqrt(x1)/x2 - 0.97077687969913 - 2.70379723742947*x3 - 2.25524703195558*x2*x3
./scibench/data/unencrypted/equations_others/Livermore2_Vars4_25,10086,64d1ecc105a4bf9e689ab6b0,64d1ed8ab0318e9fd4147a7c,64d1ed8ab0318e9fd4147a7c,1.44531065576903 + -1.00399068956286*x1/(x2*x4) + -0.195426771466407*exp(cos(x2))/x4 - 0.107435453805486*x4
